Depositor Agent DT0 issued deposit of $397 at: 07/02/2024  00:29:36 AM EST  Transaction Number : 4
		Withdrawal Agent WT8 issued withdrawal of $99 at: 07/02/2024  00:29:36 AM EST  Transaction Number : 8
Depositor Agent DT4 issued deposit of $406 at: 07/02/2024  00:29:36 AM EST  Transaction Number : 15
		Withdrawal Agent WT1 issued withdrawal of $86 at: 07/02/2024  00:29:36 AM EST  Transaction Number : 17
		Withdrawal Agent WT1 issued withdrawal of $90 at: 07/02/2024  00:29:37 AM EST  Transaction Number : 22
Depositor Agent DT0 issued deposit of $468 at: 07/02/2024  00:29:37 AM EST  Transaction Number : 26
		Withdrawal Agent WT8 issued withdrawal of $83 at: 07/02/2024  00:29:37 AM EST  Transaction Number : 34
		Withdrawal Agent WT7 issued withdrawal of $92 at: 07/02/2024  00:29:37 AM EST  Transaction Number : 36
		Withdrawal Agent WT9 issued withdrawal of $82 at: 07/02/2024  00:29:38 AM EST  Transaction Number : 48
		Withdrawal Agent WT0 issued withdrawal of $88 at: 07/02/2024  00:29:39 AM EST  Transaction Number : 56
		Withdrawal Agent WT5 issued withdrawal of $77 at: 07/02/2024  00:29:40 AM EST  Transaction Number : 61
		Withdrawal Agent WT8 issued withdrawal of $84 at: 07/02/2024  00:29:43 AM EST  Transaction Number : 82
		Withdrawal Agent WT5 issued withdrawal of $92 at: 07/02/2024  00:29:43 AM EST  Transaction Number : 85
Depositor Agent DT4 issued deposit of $401 at: 07/02/2024  00:29:45 AM EST  Transaction Number : 96
		Withdrawal Agent WT3 issued withdrawal of $96 at: 07/02/2024  00:29:45 AM EST  Transaction Number : 97
		Withdrawal Agent WT7 issued withdrawal of $91 at: 07/02/2024  00:29:45 AM EST  Transaction Number : 98
